[
  {
    "model": "account.user",
    "pk": 1,
    "fields": {
      "password": "pbkdf2_sha256$870000$VnJ5YxEMCYYXgmm00SHtUi$KXDR+7h9ln9Ba7nPx5I6qbVLEXJylE1tQL3/Tcn/cno=",
      "first_name": "mahtab",
      "last_name": "tanim",
      "username": "admin",
      "email": "admin@admin.com",
      "phone_number": "",
      "role": null,
      "date_joined": "2025-02-16T03:53:33.637Z",
      "last_login": "2025-03-20T14:54:47.363Z",
      "created_date": "2025-02-16T03:53:33.637Z",
      "modified_date": "2025-02-16T03:53:33.673Z",
      "is_admin": true,
      "is_active": true,
      "is_staff": true,
      "is_superadmin": true
    }
  },
  {
    "model": "account.user",
    "pk": 30,
    "fields": {
      "password": "pbkdf2_sha256$870000$ORKkVlMDo1daOjkPRo92sG$CzlwQd77zNi5VUHpb3yEKM8c0Bgp7SKtQMVcizpUj4A=",
      "first_name": "jfdsbakjfbjk",
      "last_name": "kjfasdkjfkj",
      "username": "afshednkjfsdjk",
      "email": "ros682305@gmail.com",
      "phone_number": "",
      "role": 1,
      "date_joined": "2025-02-27T05:57:36.758Z",
      "last_login": "2025-03-21T15:04:29.117Z",
      "created_date": "2025-02-27T05:57:36.758Z",
      "modified_date": "2025-03-17T13:55:37.212Z",
      "is_admin": false,
      "is_active": true,
      "is_staff": false,
      "is_superadmin": false
    }
  },
  {
    "model": "account.user",
    "pk": 31,
    "fields": {
      "password": "pbkdf2_sha256$870000$QLA9KkRA9BkztBDJJPmqga$mxwcL8lUlQKckuO5eJSerAzrapm++5ryDILeYnWirgA=",
      "first_name": "Second",
      "last_name": "Restaturant",
      "username": "secondrestaurant",
      "email": "mahtabbsmrstu@gmail.com",
      "phone_number": "",
      "role": 1,
      "date_joined": "2025-03-02T15:36:36.791Z",
      "last_login": "2025-03-06T14:22:14.985Z",
      "created_date": "2025-03-02T15:36:36.791Z",
      "modified_date": "2025-03-02T15:37:20.727Z",
      "is_admin": false,
      "is_active": true,
      "is_staff": false,
      "is_superadmin": false
    }
  },
  {
    "model": "account.user",
    "pk": 32,
    "fields": {
      "password": "pbkdf2_sha256$870000$L3hNDWWs1rf5rQbe3ykMmy$srFXjRpGjP8W7dITif2izJCKPSDqxHtYqd8AlLYaR/c=",
      "first_name": "Mahtab Hossain",
      "last_name": "Tanim",
      "username": "jiwona4999@bnsteps.com",
      "email": "jiwona4999@bnsteps.com",
      "phone_number": "",
      "role": 1,
      "date_joined": "2025-03-03T09:10:33.046Z",
      "last_login": "2025-03-06T14:18:15.579Z",
      "created_date": "2025-03-03T09:10:33.046Z",
      "modified_date": "2025-03-03T09:10:50.135Z",
      "is_admin": false,
      "is_active": true,
      "is_staff": false,
      "is_superadmin": false
    }
  },
  {
    "model": "account.user",
    "pk": 33,
    "fields": {
      "password": "pbkdf2_sha256$870000$YmotdRmUWUUbpei1ZIt9tt$vrtCR+hKbRp0zMItaX+6GHRYE1cCV6rdQI12VvY/8ZM=",
      "first_name": "Mahtab Hossain",
      "last_name": "Tanim",
      "username": "tekew43245@kytstore.com",
      "email": "tekew43245@kytstore.com",
      "phone_number": "",
      "role": 1,
      "date_joined": "2025-03-03T11:35:49.366Z",
      "last_login": "2025-03-06T14:20:58.141Z",
      "created_date": "2025-03-03T11:35:49.366Z",
      "modified_date": "2025-03-03T11:36:25.809Z",
      "is_admin": false,
      "is_active": true,
      "is_staff": false,
      "is_superadmin": false
    }
  },
  {
    "model": "account.user",
    "pk": 34,
    "fields": {
      "password": "pbkdf2_sha256$870000$LjzVIZiyHLhPZjvIvD2Gsk$79BHQczzdgiFV2314ka0w0LtCfASy+mFeSOf9fLLvuc=",
      "first_name": "Sah",
      "last_name": "Tan",
      "username": "tntntn",
      "email": "tnt@tnt.com",
      "phone_number": "12364578",
      "role": 2,
      "date_joined": "2025-03-11T11:14:57.496Z",
      "last_login": "2025-03-21T14:54:08.733Z",
      "created_date": "2025-03-11T11:14:57.496Z",
      "modified_date": "2025-03-18T10:37:38.533Z",
      "is_admin": false,
      "is_active": true,
      "is_staff": false,
      "is_superadmin": false
    }
  },
  {
    "model": "account.user",
    "pk": 35,
    "fields": {
      "password": "pbkdf2_sha256$870000$uUkFDrNaVMWYpSSr5L4Frc$vsjZ5pbvnfG+OuhQaz7Se1w/g7cvK3wqSdqIpTRzpwg=",
      "first_name": "Mahtab",
      "last_name": "Hossain",
      "username": "8989glad@edny.net",
      "email": "8989glad@edny.net",
      "phone_number": "1294547445",
      "role": 2,
      "date_joined": "2025-03-19T13:44:50.911Z",
      "last_login": "2025-03-19T14:02:51.218Z",
      "created_date": "2025-03-19T13:44:50.911Z",
      "modified_date": "2025-03-19T14:02:42.591Z",
      "is_admin": false,
      "is_active": true,
      "is_staff": false,
      "is_superadmin": false
    }
  },
  {
    "model": "account.user",
    "pk": 36,
    "fields": {
      "password": "pbkdf2_sha256$870000$9I4RHjzvSdfpgcUWejyviO$h+/faQq7yYD6+2FfsNIkh7CmanrTmOaTEMQGpn75ppM=",
      "first_name": "Mahtab Hossain",
      "last_name": "Tanim",
      "username": "60shirlee@indigobook.com",
      "email": "60shirlee@indigobook.com",
      "phone_number": "",
      "role": 2,
      "date_joined": "2025-03-19T14:12:34.497Z",
      "last_login": "2025-03-19T14:13:18.437Z",
      "created_date": "2025-03-19T14:12:34.497Z",
      "modified_date": "2025-03-19T14:13:10.532Z",
      "is_admin": false,
      "is_active": true,
      "is_staff": false,
      "is_superadmin": false
    }
  },
  {
    "model": "account.user",
    "pk": 37,
    "fields": {
      "password": "pbkdf2_sha256$870000$KtjfbYCVcHNRA3FqJiRLcm$MIxFmhERMrONSkoYFh04AKKGdXX/6MfR8YKidXxtw88=",
      "first_name": "Mahtab Hossain",
      "last_name": "Tanim",
      "username": "jadeesther@indigobook.com",
      "email": "jadeesther@indigobook.com",
      "phone_number": "",
      "role": 1,
      "date_joined": "2025-03-19T14:14:22.040Z",
      "last_login": "2025-03-19T14:16:52.588Z",
      "created_date": "2025-03-19T14:14:22.040Z",
      "modified_date": "2025-03-19T14:15:22.990Z",
      "is_admin": false,
      "is_active": true,
      "is_staff": false,
      "is_superadmin": false
    }
  },
  {
    "model": "account.user",
    "pk": 38,
    "fields": {
      "password": "pbkdf2_sha256$870000$4rpFVOu63wXPg1zTXj2nFn$MmNfwdRun6krY3k1iOk4REpUCmDLsboffGWpuk70s6M=",
      "first_name": "Mahtab Hossain",
      "last_name": "Tanim",
      "username": "fiteyde@indigobook.com",
      "email": "fiteyde@indigobook.com",
      "phone_number": "",
      "role": 2,
      "date_joined": "2025-03-19T14:27:06.100Z",
      "last_login": "2025-03-19T14:52:50.594Z",
      "created_date": "2025-03-19T14:27:06.100Z",
      "modified_date": "2025-03-19T15:06:32.481Z",
      "is_admin": false,
      "is_active": true,
      "is_staff": false,
      "is_superadmin": false
    }
  },
  {
    "model": "account.userprofile",
    "pk": 1,
    "fields": {
      "user": 1,
      "profile_picture": "",
      "cover_photo": "",
      "address": null,
      "country": null,
      "state": null,
      "city": null,
      "pin_code": null,
      "longitude": null,
      "latitude": null,
      "location": null,
      "created_at": "2025-02-16T03:53:33.671Z",
      "modified_at": "2025-03-20T14:54:47.379Z"
    }
  },
  {
    "model": "account.userprofile",
    "pk": 30,
    "fields": {
      "user": 30,
      "profile_picture": "users/profile_profiles/01-Set_Variables.jpg",
      "cover_photo": "users/cover_photos/03-CurrentTs.png",
      "address": "Gazipura 27, 27 Road, Tongi, Bangladesh",
      "country": "Bangladesh",
      "state": "Dhaka Division",
      "city": "Gazipur",
      "pin_code": "1205",
      "longitude": "90.3891943",
      "latitude": "23.9208974",
      "location": "SRID=4326;POINT (90.3891943 23.9208974)",
      "created_at": "2025-02-27T05:57:36.759Z",
      "modified_at": "2025-03-21T15:04:29.131Z"
    }
  },
  {
    "model": "account.userprofile",
    "pk": 31,
    "fields": {
      "user": 31,
      "profile_picture": "users/profile_profiles/chicken-600x600.jpg",
      "cover_photo": "users/cover_photos/chicken-barbeque.jpg",
      "address": "Taltola Market, Shahid Baki Road, Dhaka, Bangladesh",
      "country": "Bangladesh",
      "state": "Dhaka Division",
      "city": "Dhaka District",
      "pin_code": "1219",
      "longitude": "90.4245126",
      "latitude": "23.7512977",
      "location": "SRID=4326;POINT (90.4245126 23.7512977)",
      "created_at": "2025-03-02T15:36:36.843Z",
      "modified_at": "2025-03-07T10:44:37.544Z"
    }
  },
  {
    "model": "account.userprofile",
    "pk": 32,
    "fields": {
      "user": 32,
      "profile_picture": "users/profile_profiles/burger-600x600.jpg",
      "cover_photo": "users/cover_photos/burger-600x600.jpg",
      "address": "East West University, Jahurul Islam Avenue, Dhaka, Bangladesh",
      "country": "Bangladesh",
      "state": "Dhaka Division",
      "city": "Dhaka District",
      "pin_code": "1212",
      "longitude": "90.4255046",
      "latitude": "23.7685404",
      "location": "SRID=4326;POINT (90.4255046 23.7685404)",
      "created_at": "2025-03-03T09:10:33.048Z",
      "modified_at": "2025-03-07T10:44:33.963Z"
    }
  },
  {
    "model": "account.userprofile",
    "pk": 33,
    "fields": {
      "user": 33,
      "profile_picture": "users/profile_profiles/chicken-600x600_Ti3RlxX.jpg",
      "cover_photo": "users/cover_photos/cover-photo-1.PNG",
      "address": "Jamtola Panir Pump, East Rampura, Jamtola Road, Dhaka, Bangladesh",
      "country": "Bangladesh",
      "state": "Dhaka Division",
      "city": "Dhaka District",
      "pin_code": "1219",
      "longitude": "90.424179",
      "latitude": "29.7586107",
      "location": "SRID=4326;POINT (90.424179 29.7586107)",
      "created_at": "2025-03-03T11:35:49.402Z",
      "modified_at": "2025-03-07T10:44:30.394Z"
    }
  },
  {
    "model": "account.userprofile",
    "pk": 34,
    "fields": {
      "user": 34,
      "profile_picture": "users/profile_profiles/profile-picture-5.PNG",
      "cover_photo": "users/cover_photos/cover-photo-1_WMzo6MA.PNG",
      "address": "Rampura Bou Bazar, Dabanol Songsod Sorok, Dhaka, Bangladesh",
      "country": "Bangladesh",
      "state": "Dhaka",
      "city": "Dhaka District",
      "pin_code": "1219",
      "longitude": "90.42175089999999",
      "latitude": "23.75801169999999",
      "location": "SRID=4326;POINT (90.42175089999999 23.75801169999999)",
      "created_at": "2025-03-11T11:14:57.529Z",
      "modified_at": "2025-03-21T14:54:08.754Z"
    }
  },
  {
    "model": "account.userprofile",
    "pk": 35,
    "fields": {
      "user": 35,
      "profile_picture": "users/profile_profiles/burger-600x600_41Hgr38.jpg",
      "cover_photo": "users/cover_photos/Pan-Fried-Chicken-600x600.jpg",
      "address": "Jamtola Mor, Shadhinata Sharani, Dhaka, Bangladesh",
      "country": "Bangladesh",
      "state": "Dhaka Division",
      "city": "Dhaka District",
      "pin_code": "1212",
      "longitude": "90.4303899",
      "latitude": "23.7844974",
      "location": "SRID=4326;POINT (90.4303899 23.7844974)",
      "created_at": "2025-03-19T13:44:50.947Z",
      "modified_at": "2025-03-19T14:02:51.230Z"
    }
  },
  {
    "model": "account.userprofile",
    "pk": 36,
    "fields": {
      "user": 36,
      "profile_picture": "",
      "cover_photo": "",
      "address": null,
      "country": null,
      "state": null,
      "city": null,
      "pin_code": null,
      "longitude": null,
      "latitude": null,
      "location": null,
      "created_at": "2025-03-19T14:12:34.530Z",
      "modified_at": "2025-03-19T14:13:18.446Z"
    }
  },
  {
    "model": "account.userprofile",
    "pk": 37,
    "fields": {
      "user": 37,
      "profile_picture": "users/profile_profiles/chicken-barbeque.jpg",
      "cover_photo": "users/cover_photos/cover-photo-1_ZhsnvU2.PNG",
      "address": "Airport Railway Station, Dhaka, Bangladesh",
      "country": "Bangladesh",
      "state": "Dhaka Division",
      "city": "Dhaka District",
      "pin_code": "1230",
      "longitude": "90.4080911",
      "latitude": "23.8518479",
      "location": "SRID=4326;POINT (90.4080911 23.8518479)",
      "created_at": "2025-03-19T14:14:22.074Z",
      "modified_at": "2025-03-19T14:20:24.430Z"
    }
  },
  {
    "model": "account.userprofile",
    "pk": 38,
    "fields": {
      "user": 38,
      "profile_picture": "users/profile_profiles/cover-photo-1_d7bRq4I.PNG",
      "cover_photo": "users/cover_photos/cover-photo-2.PNG",
      "address": "Gausia Market, Dhaka, Bangladesh",
      "country": "Bangladesh",
      "state": "Dhaka Division",
      "city": "Dhaka District",
      "pin_code": "1205",
      "longitude": "90.3848403",
      "latitude": "23.7342727",
      "location": "SRID=4326;POINT (90.3848403 23.7342727)",
      "created_at": "2025-03-19T14:27:06.134Z",
      "modified_at": "2025-03-19T15:06:32.485Z"
    }
  },
  {
    "model": "vendor.vendor",
    "pk": 5,
    "fields": {
      "user": 30,
      "user_profile": 30,
      "vendor_name": "Gazipur Restaturant",
      "vendor_slug": "gazipur-restaturant-30",
      "vendor_licesnse": "vendor/vendor_licesnse/Screenshot_from_2025-02-15_14-28-21.png",
      "is_approved": true,
      "created_at": "2025-02-27T05:57:36.763Z",
      "modified_at": "2025-03-17T14:57:57.957Z"
    }
  },
  {
    "model": "vendor.vendor",
    "pk": 6,
    "fields": {
      "user": 31,
      "user_profile": 31,
      "vendor_name": "Taltola restaurant",
      "vendor_slug": "taltola-31",
      "vendor_licesnse": "vendor/vendor_licesnse/chicken-barbeque.jpg",
      "is_approved": true,
      "created_at": "2025-03-02T15:36:36.885Z",
      "modified_at": "2025-03-06T14:59:10.503Z"
    }
  },
  {
    "model": "vendor.vendor",
    "pk": 7,
    "fields": {
      "user": 32,
      "user_profile": 32,
      "vendor_name": "EWU Restaurant",
      "vendor_slug": "ewu-restaurant-32",
      "vendor_licesnse": "vendor/vendor_licesnse/chicken-barbeque_wPshnjt.jpg",
      "is_approved": true,
      "created_at": "2025-03-03T09:10:33.059Z",
      "modified_at": "2025-03-06T14:20:40.779Z"
    }
  },
  {
    "model": "vendor.vendor",
    "pk": 8,
    "fields": {
      "user": 33,
      "user_profile": 33,
      "vendor_name": "Home restaurant",
      "vendor_slug": "home-33",
      "vendor_licesnse": "vendor/vendor_licesnse/chicken-600x600_dOiJWfz.jpg",
      "is_approved": true,
      "created_at": "2025-03-03T11:35:49.431Z",
      "modified_at": "2025-03-06T14:59:03.943Z"
    }
  },
  {
    "model": "vendor.vendor",
    "pk": 9,
    "fields": {
      "user": 37,
      "user_profile": 37,
      "vendor_name": "New restaturant",
      "vendor_slug": "new-restaturant-37",
      "vendor_licesnse": "vendor/vendor_licesnse/cover-photo-2.PNG",
      "is_approved": true,
      "created_at": "2025-03-19T14:14:22.081Z",
      "modified_at": "2025-03-19T14:20:24.434Z"
    }
  },
  {
    "model": "vendor.openinghour",
    "pk": 44,
    "fields": {
      "vendor": 5,
      "day": 1,
      "from_hour": "05:30 PM",
      "to_hour": "08:00 PM",
      "is_closed": false
    }
  },
  {
    "model": "vendor.openinghour",
    "pk": 67,
    "fields": {
      "vendor": 5,
      "day": 4,
      "from_hour": "04:00 AM",
      "to_hour": "06:00 AM",
      "is_closed": false
    }
  },
  {
    "model": "vendor.openinghour",
    "pk": 68,
    "fields": {
      "vendor": 5,
      "day": 3,
      "from_hour": "",
      "to_hour": "",
      "is_closed": true
    }
  },
  {
    "model": "vendor.openinghour",
    "pk": 69,
    "fields": {
      "vendor": 5,
      "day": 7,
      "from_hour": "03:30 AM",
      "to_hour": "04:00 PM",
      "is_closed": false
    }
  },
  {
    "model": "vendor.openinghour",
    "pk": 70,
    "fields": {
      "vendor": 5,
      "day": 7,
      "from_hour": "05:00 AM",
      "to_hour": "07:30 AM",
      "is_closed": false
    }
  },
  {
    "model": "vendor.openinghour",
    "pk": 71,
    "fields": {
      "vendor": 5,
      "day": 1,
      "from_hour": "06:00 AM",
      "to_hour": "10:00 PM",
      "is_closed": false
    }
  },
  {
    "model": "vendor.openinghour",
    "pk": 72,
    "fields": {
      "vendor": 5,
      "day": 2,
      "from_hour": "01:00 AM",
      "to_hour": "08:00 PM",
      "is_closed": false
    }
  },
  {
    "model": "vendor.openinghour",
    "pk": 73,
    "fields": {
      "vendor": 9,
      "day": 3,
      "from_hour": "08:00 AM",
      "to_hour": "10:00 PM",
      "is_closed": false
    }
  },
  {
    "model": "menus.category",
    "pk": 1,
    "fields": {
      "vendor": 5,
      "category_name": "Pizza p",
      "slug": "pizza-p",
      "description": "Juicu Burgers",
      "created_at": "2025-02-27T06:17:14.629Z",
      "updated_at": "2025-03-02T14:29:44.536Z"
    }
  },
  {
    "model": "menus.category",
    "pk": 2,
    "fields": {
      "vendor": 5,
      "category_name": "Bbq burger",
      "slug": "bbq-burger",
      "description": "BBQ Burger",
      "created_at": "2025-02-27T06:17:36.622Z",
      "updated_at": "2025-03-02T14:30:54.455Z"
    }
  },
  {
    "model": "menus.category",
    "pk": 3,
    "fields": {
      "vendor": 5,
      "category_name": "Pizza",
      "slug": "pizza",
      "description": "Hello Pizza",
      "created_at": "2025-02-27T06:17:57.890Z",
      "updated_at": "2025-03-03T14:55:24.725Z"
    }
  },
  {
    "model": "menus.category",
    "pk": 4,
    "fields": {
      "vendor": 5,
      "category_name": "Bbq pizza",
      "slug": "bbq-pizza",
      "description": "BBq Pizza",
      "created_at": "2025-02-27T06:18:10.308Z",
      "updated_at": "2025-03-02T14:30:19.436Z"
    }
  },
  {
    "model": "menus.category",
    "pk": 17,
    "fields": {
      "vendor": 6,
      "category_name": "Cat 999",
      "slug": "cat-999",
      "description": "Gdgdfgdffdg",
      "created_at": "2025-03-03T08:44:38.554Z",
      "updated_at": "2025-03-03T08:44:38.554Z"
    }
  },
  {
    "model": "menus.category",
    "pk": 18,
    "fields": {
      "vendor": 6,
      "category_name": "Cat 333",
      "slug": "cat-333",
      "description": "rewrewa rerferawr",
      "created_at": "2025-03-03T08:47:14.336Z",
      "updated_at": "2025-03-03T08:47:14.336Z"
    }
  },
  {
    "model": "menus.category",
    "pk": 19,
    "fields": {
      "vendor": 8,
      "category_name": "Burger",
      "slug": "burger",
      "description": "Burgers",
      "created_at": "2025-03-06T14:16:57.736Z",
      "updated_at": "2025-03-06T14:16:57.736Z"
    }
  },
  {
    "model": "menus.category",
    "pk": 20,
    "fields": {
      "vendor": 7,
      "category_name": "Pizza East",
      "slug": "pizza-east",
      "description": "Pizza",
      "created_at": "2025-03-06T14:19:11.198Z",
      "updated_at": "2025-03-06T14:19:11.198Z"
    }
  },
  {
    "model": "menus.category",
    "pk": 21,
    "fields": {
      "vendor": 5,
      "category_name": "Chinese Burger",
      "slug": "",
      "description": "Chinese Burger",
      "created_at": "2025-03-06T14:36:26.062Z",
      "updated_at": "2025-03-06T14:36:26.062Z"
    }
  },
  {
    "model": "menus.fooditem",
    "pk": 2,
    "fields": {
      "vendor": 5,
      "category": 1,
      "food_title": "Burger 2",
      "slug": "burger-2",
      "price": "15.00",
      "image": "foodItemImages/burger-600x600.jpg",
      "is_available": true,
      "created_at": "2025-02-27T06:23:25.416Z",
      "updated_at": "2025-03-04T14:09:37.326Z",
      "description": "Food"
    }
  },
  {
    "model": "menus.fooditem",
    "pk": 3,
    "fields": {
      "vendor": 5,
      "category": 2,
      "food_title": "Burger 3",
      "slug": "burger-3",
      "price": "16.00",
      "image": "foodItemImages/chicken-barbeque.jpg",
      "is_available": true,
      "created_at": "2025-02-27T06:23:50.285Z",
      "updated_at": "2025-02-27T06:23:50.285Z",
      "description": "Food "
    }
  },
  {
    "model": "menus.fooditem",
    "pk": 4,
    "fields": {
      "vendor": 5,
      "category": 3,
      "food_title": "Pizza 1",
      "slug": "pizza-1",
      "price": "20.00",
      "image": "foodItemImages/pizza-600x600.jpg",
      "is_available": true,
      "created_at": "2025-02-27T06:24:20.929Z",
      "updated_at": "2025-02-27T06:24:20.929Z",
      "description": "Food "
    }
  },
  {
    "model": "menus.fooditem",
    "pk": 5,
    "fields": {
      "vendor": 5,
      "category": 4,
      "food_title": "Bbq pizza 1",
      "slug": "bbq-pizza-1",
      "price": "20.00",
      "image": "foodItemImages/italian-pizza-600x600.jpg",
      "is_available": true,
      "created_at": "2025-02-27T06:24:52.796Z",
      "updated_at": "2025-02-27T06:24:52.796Z",
      "description": "Food "
    }
  },
  {
    "model": "menus.fooditem",
    "pk": 7,
    "fields": {
      "vendor": 5,
      "category": 3,
      "food_title": "fssaf",
      "slug": "fssaf",
      "price": "23.00",
      "image": "foodItemImages/chicken-600x600.jpg",
      "is_available": true,
      "created_at": "2025-02-28T14:56:11.666Z",
      "updated_at": "2025-02-28T14:56:11.666Z",
      "description": "Food     hdrdfghhfdghf"
    }
  },
  {
    "model": "menus.fooditem",
    "pk": 8,
    "fields": {
      "vendor": 5,
      "category": 1,
      "food_title": "fdsafds fadsfds",
      "slug": "fdsafds-fadsfds",
      "price": "10.00",
      "image": "foodItemImages/Pan-Fried-Chicken-600x600.jpg",
      "is_available": true,
      "created_at": "2025-02-28T14:58:54.509Z",
      "updated_at": "2025-03-19T13:49:24.138Z",
      "description": "Food fadsfds"
    }
  },
  {
    "model": "menus.fooditem",
    "pk": 9,
    "fields": {
      "vendor": 5,
      "category": 2,
      "food_title": "TNT BURGER",
      "slug": "tnt-burger",
      "price": "12.00",
      "image": "foodItemImages/Pan-Fried-Chicken-600x600_kqrCwlU.jpg",
      "is_available": true,
      "created_at": "2025-02-28T14:59:28.765Z",
      "updated_at": "2025-02-28T14:59:28.765Z",
      "description": "Food fsdds"
    }
  },
  {
    "model": "menus.fooditem",
    "pk": 10,
    "fields": {
      "vendor": 5,
      "category": 2,
      "food_title": "TNT BURGER 3",
      "slug": "tnt-burger-3",
      "price": "12.00",
      "image": "foodItemImages/cover-photo-5.PNG",
      "is_available": true,
      "created_at": "2025-02-28T15:00:05.102Z",
      "updated_at": "2025-02-28T15:00:05.102Z",
      "description": "Food sfdads"
    }
  },
  {
    "model": "menus.fooditem",
    "pk": 18,
    "fields": {
      "vendor": 6,
      "category": 18,
      "food_title": "fsdasdfa",
      "slug": "fsdasdfa",
      "price": "2323.00",
      "image": "foodItemImages/burger-600x600_eaIEpOm.jpg",
      "is_available": true,
      "created_at": "2025-03-03T08:47:29.094Z",
      "updated_at": "2025-03-03T08:47:29.094Z",
      "description": "Food fasdf"
    }
  },
  {
    "model": "menus.fooditem",
    "pk": 19,
    "fields": {
      "vendor": 6,
      "category": 17,
      "food_title": "fsdaf",
      "slug": "fsdaf",
      "price": "132.00",
      "image": "foodItemImages/burger-600x600_cPJ7Ci4.jpg",
      "is_available": true,
      "created_at": "2025-03-03T08:47:45.948Z",
      "updated_at": "2025-03-03T08:48:01.190Z",
      "description": "Food fsd"
    }
  },
  {
    "model": "menus.fooditem",
    "pk": 20,
    "fields": {
      "vendor": 8,
      "category": 19,
      "food_title": "Chinese Burger",
      "slug": "chinese-burger",
      "price": "10.00",
      "image": "foodItemImages/burger-600x600_cn4FXVY.jpg",
      "is_available": true,
      "created_at": "2025-03-06T14:17:17.640Z",
      "updated_at": "2025-03-06T14:17:17.640Z",
      "description": "Food  XX"
    }
  },
  {
    "model": "menus.fooditem",
    "pk": 21,
    "fields": {
      "vendor": 8,
      "category": 19,
      "food_title": "Chicken Burger",
      "slug": "chicken-burger",
      "price": "10.00",
      "image": "foodItemImages/chicken-600x600_rDr8ZOd.jpg",
      "is_available": true,
      "created_at": "2025-03-06T14:17:55.282Z",
      "updated_at": "2025-03-06T14:17:55.282Z",
      "description": "Chicken Burger"
    }
  },
  {
    "model": "menus.fooditem",
    "pk": 22,
    "fields": {
      "vendor": 7,
      "category": 20,
      "food_title": "Pizza 4",
      "slug": "pizza-4",
      "price": "12.00",
      "image": "foodItemImages/chicken-barbeque_yN6dWLV.jpg",
      "is_available": true,
      "created_at": "2025-03-06T14:19:44.326Z",
      "updated_at": "2025-03-06T14:19:44.326Z",
      "description": "Food"
    }
  },
  {
    "model": "marketplace.tax",
    "pk": 1,
    "fields": {
      "tax_type": "Sale",
      "tax_percentage": "5.00",
      "is_active": true
    }
  },
  {
    "model": "marketplace.tax",
    "pk": 3,
    "fields": {
      "tax_type": "TNT",
      "tax_percentage": "5.00",
      "is_active": true
    }
  },
  {
    "model": "orders.payment",
    "pk": 44,
    "fields": {
      "user": 38,
      "transaction_id": "2503192102570HGjb0jT8Oc6fXX",
      "payment_method": "NAGAD-Nagad",
      "amount": "33.00",
      "status": "VALID",
      "created_at": "2025-03-19T15:03:00.011Z"
    }
  },
  {
    "model": "orders.payment",
    "pk": 45,
    "fields": {
      "user": 38,
      "transaction_id": "2503192107050Z39dcToIgBZORM",
      "payment_method": "IBBL-Islami Bank",
      "amount": "71.50",
      "status": "VALID",
      "created_at": "2025-03-19T15:07:07.363Z"
    }
  },
  {
    "model": "orders.payment",
    "pk": 46,
    "fields": {
      "user": 38,
      "transaction_id": "25031921104512yXHnKcvZscPnl",
      "payment_method": "IBBL-Islami Bank",
      "amount": "55.00",
      "status": "VALID",
      "created_at": "2025-03-19T15:10:47.231Z"
    }
  },
  {
    "model": "orders.payment",
    "pk": 47,
    "fields": {
      "user": 38,
      "transaction_id": "250319211455mwo287ZPQzMpFzl",
      "payment_method": "Instapay-instapay",
      "amount": "55.00",
      "status": "VALID",
      "created_at": "2025-03-19T15:14:57.528Z"
    }
  },
  {
    "model": "orders.payment",
    "pk": 48,
    "fields": {
      "user": 38,
      "transaction_id": "25031921210986gbIBMV02f8mqw",
      "payment_method": "BANKASIA-Bank Asia Internet Banking",
      "amount": "55.00",
      "status": "VALID",
      "created_at": "2025-03-19T15:21:11.813Z"
    }
  },
  {
    "model": "orders.payment",
    "pk": 49,
    "fields": {
      "user": 38,
      "transaction_id": "2503202056110lTIudPO169FgCO",
      "payment_method": "CITYBANKIB-City Bank",
      "amount": "59.40",
      "status": "VALID",
      "created_at": "2025-03-20T14:56:13.651Z"
    }
  },
  {
    "model": "orders.payment",
    "pk": 50,
    "fields": {
      "user": 38,
      "transaction_id": "2503202057381woMW50iCLbihDE",
      "payment_method": "DBBLMOBILEB-Dbbl Mobile Banking",
      "amount": "2700.50",
      "status": "VALID",
      "created_at": "2025-03-20T14:57:40.999Z"
    }
  },
  {
    "model": "orders.payment",
    "pk": 51,
    "fields": {
      "user": 38,
      "transaction_id": "2503202102500RD3w6DYl7erFPt",
      "payment_method": "TAP-TAP",
      "amount": "55.00",
      "status": "VALID",
      "created_at": "2025-03-20T15:02:52.980Z"
    }
  },
  {
    "model": "orders.payment",
    "pk": 52,
    "fields": {
      "user": 38,
      "transaction_id": "250320210828BiHTrBBjki6LIwg",
      "payment_method": "CITYBANKIB-City Bank",
      "amount": "33.00",
      "status": "VALID",
      "created_at": "2025-03-20T15:08:31.048Z"
    }
  },
  {
    "model": "orders.payment",
    "pk": 53,
    "fields": {
      "user": 38,
      "transaction_id": "250320211015B0xlhysdUMauMQV",
      "payment_method": "IBBL-Islami Bank",
      "amount": "55.00",
      "status": "VALID",
      "created_at": "2025-03-20T15:10:17.171Z"
    }
  },
  {
    "model": "orders.payment",
    "pk": 54,
    "fields": {
      "user": 38,
      "transaction_id": "250320211631PKWNfV56ylqCmKc",
      "payment_method": "ABBANKIB-AB Bank",
      "amount": "33.00",
      "status": "VALID",
      "created_at": "2025-03-20T15:16:33.642Z"
    }
  },
  {
    "model": "orders.payment",
    "pk": 55,
    "fields": {
      "user": 38,
      "transaction_id": "2503202118015Cc6B52MYDqSai1",
      "payment_method": "NAGAD-Nagad",
      "amount": "33.00",
      "status": "VALID",
      "created_at": "2025-03-20T15:18:03.072Z"
    }
  },
  {
    "model": "orders.payment",
    "pk": 56,
    "fields": {
      "user": 38,
      "transaction_id": "2503202118350xy0j7jnTuFPU1c",
      "payment_method": "NAGAD-Nagad",
      "amount": "33.00",
      "status": "VALID",
      "created_at": "2025-03-20T15:18:37.148Z"
    }
  },
  {
    "model": "orders.payment",
    "pk": 57,
    "fields": {
      "user": 38,
      "transaction_id": "250320211934Emdt9X2ICosBGGC",
      "payment_method": "NAGAD-Nagad",
      "amount": "33.00",
      "status": "VALID",
      "created_at": "2025-03-20T15:19:36.321Z"
    }
  },
  {
    "model": "orders.payment",
    "pk": 58,
    "fields": {
      "user": 38,
      "transaction_id": "2503202121200gK6GOf1WdvKoJf",
      "payment_method": "DBBLMOBILEB-Dbbl Mobile Banking",
      "amount": "33.00",
      "status": "VALID",
      "created_at": "2025-03-20T15:21:22.976Z"
    }
  },
  {
    "model": "orders.payment",
    "pk": 59,
    "fields": {
      "user": 38,
      "transaction_id": "250320212218avKlAOI8KWgtTKX",
      "payment_method": "NAGAD-Nagad",
      "amount": "33.00",
      "status": "VALID",
      "created_at": "2025-03-20T15:22:20.703Z"
    }
  },
  {
    "model": "orders.payment",
    "pk": 60,
    "fields": {
      "user": 38,
      "transaction_id": "250320212333uyZ3OMqR2jlhrE0",
      "payment_method": "CITYBANKIB-City Bank",
      "amount": "33.00",
      "status": "VALID",
      "created_at": "2025-03-20T15:23:35.289Z"
    }
  },
  {
    "model": "orders.payment",
    "pk": 61,
    "fields": {
      "user": 38,
      "transaction_id": "2503202124321Ak1tQ8xalpuTQQ",
      "payment_method": "BANKASIA-Bank Asia Internet Banking",
      "amount": "16.50",
      "status": "VALID",
      "created_at": "2025-03-20T15:24:34.817Z"
    }
  },
  {
    "model": "orders.payment",
    "pk": 62,
    "fields": {
      "user": 34,
      "transaction_id": "2503212055310y6hsIcHteZ7GdQ",
      "payment_method": "CITYBANKIB-City Bank",
      "amount": "66.00",
      "status": "VALID",
      "created_at": "2025-03-21T14:55:33.774Z"
    }
  },
  {
    "model": "orders.order",
    "pk": 143,
    "fields": {
      "user": 38,
      "payment": 44,
      "order_number": "20250319210217423965",
      "first_name": "Mahtab Hossain",
      "last_name": "Tanim",
      "phone": "123451255",
      "email": "fiteyde@indigobook.com",
      "address": "Gausia Market, Dhaka, Bangladesh",
      "country": "Bangladesh",
      "state": "Dhaka Division",
      "city": "Dhaka District",
      "pin_code": "1205",
      "total": 33.0,
      "tax_data": {
        "TNT": {
          "5.00": "1.50"
        },
        "Sale": {
          "5.00": "1.50"
        }
      },
      "total_data": {
        "5": {
          "30.0": {
            "TNT": {
              "5.00": "1.5"
            },
            "Sale": {
              "5.00": "1.5"
            }
          }
        }
      },
      "total_tax": 3.0,
      "payment_method": "NAGAD-Nagad",
      "status": "New",
      "is_ordered": true,
      "created_at": "2025-03-19T15:02:52.369Z",
      "updated_at": "2025-03-19T15:03:08.697Z",
      "vendors": [
        5
      ]
    }
  },
  {
    "model": "orders.order",
    "pk": 144,
    "fields": {
      "user": 38,
      "payment": 45,
      "order_number": "20250319210617423968",
      "first_name": "Mahtab Hossain",
      "last_name": "Tanim",
      "phone": "123456123",
      "email": "fiteyde@indigobook.com",
      "address": "Gausia Market, Dhaka, Bangladesh",
      "country": "Bangladesh",
      "state": "Dhaka Division",
      "city": "Dhaka District",
      "pin_code": "1205",
      "total": 71.5,
      "tax_data": {
        "TNT": {
          "5.00": "3.25"
        },
        "Sale": {
          "5.00": "3.25"
        }
      },
      "total_data": {
        "5": {
          "65.0": {
            "TNT": {
              "5.00": "3.25"
            },
            "Sale": {
              "5.00": "3.25"
            }
          }
        }
      },
      "total_tax": 6.5,
      "payment_method": "IBBL-Islami Bank",
      "status": "New",
      "is_ordered": true,
      "created_at": "2025-03-19T15:06:59.856Z",
      "updated_at": "2025-03-19T15:07:15.339Z",
      "vendors": [
        5
      ]
    }
  },
  {
    "model": "orders.order",
    "pk": 145,
    "fields": {
      "user": 38,
      "payment": 46,
      "order_number": "20250319211017423970",
      "first_name": "Mahtab Hossain",
      "last_name": "Tanim",
      "phone": "12341234",
      "email": "fiteyde@indigobook.com",
      "address": "Gausia Market, Dhaka, Bangladesh",
      "country": "Bangladesh",
      "state": "Dhaka Division",
      "city": "Dhaka District",
      "pin_code": "1205",
      "total": 55.0,
      "tax_data": {
        "TNT": {
          "5.00": "2.50"
        },
        "Sale": {
          "5.00": "2.50"
        }
      },
      "total_data": {
        "5": {
          "50.0": {
            "TNT": {
              "5.00": "2.5"
            },
            "Sale": {
              "5.00": "2.5"
            }
          }
        }
      },
      "total_tax": 5.0,
      "payment_method": "IBBL-Islami Bank",
      "status": "New",
      "is_ordered": true,
      "created_at": "2025-03-19T15:10:39.509Z",
      "updated_at": "2025-03-19T15:10:56.053Z",
      "vendors": [
        5
      ]
    }
  },
  {
    "model": "orders.order",
    "pk": 146,
    "fields": {
      "user": 38,
      "payment": 47,
      "order_number": "20250319211417423972",
      "first_name": "Mahtab Hossain",
      "last_name": "Tanim",
      "phone": "11111",
      "email": "fiteyde@indigobook.com",
      "address": "Gausia Market, Dhaka, Bangladesh",
      "country": "Bangladesh",
      "state": "Dhaka Division",
      "city": "Dhaka District",
      "pin_code": "1205",
      "total": 55.0,
      "tax_data": {
        "TNT": {
          "5.00": "2.50"
        },
        "Sale": {
          "5.00": "2.50"
        }
      },
      "total_data": {
        "5": {
          "50.0": {
            "TNT": {
              "5.00": "2.5"
            },
            "Sale": {
              "5.00": "2.5"
            }
          }
        }
      },
      "total_tax": 5.0,
      "payment_method": "Instapay-instapay",
      "status": "New",
      "is_ordered": true,
      "created_at": "2025-03-19T15:14:50.487Z",
      "updated_at": "2025-03-19T15:15:05.786Z",
      "vendors": [
        5
      ]
    }
  },
  {
    "model": "orders.order",
    "pk": 147,
    "fields": {
      "user": 38,
      "payment": 48,
      "order_number": "20250319212117423976",
      "first_name": "Mahtab Hossain",
      "last_name": "Tanim",
      "phone": "3345455",
      "email": "fiteyde@indigobook.com",
      "address": "Gausia Market, Dhaka, Bangladesh",
      "country": "Bangladesh",
      "state": "Dhaka Division",
      "city": "Dhaka District",
      "pin_code": "1205",
      "total": 55.0,
      "tax_data": {
        "TNT": {
          "5.00": "2.50"
        },
        "Sale": {
          "5.00": "2.50"
        }
      },
      "total_data": {
        "5": {
          "50.0": {
            "TNT": {
              "5.00": "2.5"
            },
            "Sale": {
              "5.00": "2.5"
            }
          }
        }
      },
      "total_tax": 5.0,
      "payment_method": "BANKASIA-Bank Asia Internet Banking",
      "status": "New",
      "is_ordered": true,
      "created_at": "2025-03-19T15:21:05.045Z",
      "updated_at": "2025-03-19T15:21:20.042Z",
      "vendors": [
        5
      ]
    }
  },
  {
    "model": "orders.order",
    "pk": 148,
    "fields": {
      "user": 38,
      "payment": 49,
      "order_number": "20250320205617424825",
      "first_name": "Mahtab Hossain",
      "last_name": "Tanim",
      "phone": "112233",
      "email": "fiteyde@indigobook.com",
      "address": "Gausia Market, Dhaka, Bangladesh",
      "country": "Bangladesh",
      "state": "Dhaka Division",
      "city": "Dhaka District",
      "pin_code": "1205",
      "total": 59.4,
      "tax_data": {
        "TNT": {
          "5.00": "2.70"
        },
        "Sale": {
          "5.00": "2.70"
        }
      },
      "total_data": {
        "5": {
          "30.0": {
            "TNT": {
              "5.00": "1.5"
            },
            "Sale": {
              "5.00": "1.5"
            }
          }
        },
        "7": {
          "24.0": {
            "TNT": {
              "5.00": "1.2"
            },
            "Sale": {
              "5.00": "1.2"
            }
          }
        }
      },
      "total_tax": 5.4,
      "payment_method": "CITYBANKIB-City Bank",
      "status": "New",
      "is_ordered": true,
      "created_at": "2025-03-20T14:56:04.833Z",
      "updated_at": "2025-03-20T14:56:13.670Z",
      "vendors": [
        5,
        7
      ]
    }
  },
  {
    "model": "orders.order",
    "pk": 149,
    "fields": {
      "user": 38,
      "payment": 50,
      "order_number": "20250320205717424826",
      "first_name": "Mahtab Hossain",
      "last_name": "Tanim",
      "phone": "43434343",
      "email": "fiteyde@indigobook.com",
      "address": "Gausia Market, Dhaka, Bangladesh",
      "country": "Bangladesh",
      "state": "Dhaka Division",
      "city": "Dhaka District",
      "pin_code": "1205",
      "total": 2700.5,
      "tax_data": {
        "TNT": {
          "5.00": "122.75"
        },
        "Sale": {
          "5.00": "122.75"
        }
      },
      "total_data": {
        "6": {
          "2455.0": {
            "TNT": {
              "5.00": "122.75"
            },
            "Sale": {
              "5.00": "122.75"
            }
          }
        }
      },
      "total_tax": 245.5,
      "payment_method": "DBBLMOBILEB-Dbbl Mobile Banking",
      "status": "New",
      "is_ordered": true,
      "created_at": "2025-03-20T14:57:33.908Z",
      "updated_at": "2025-03-20T14:57:41.051Z",
      "vendors": [
        6
      ]
    }
  },
  {
    "model": "orders.order",
    "pk": 150,
    "fields": {
      "user": 38,
      "payment": 51,
      "order_number": "20250320210217424829",
      "first_name": "Mahtab Hossain",
      "last_name": "Tanim",
      "phone": "1123233",
      "email": "fiteyde@indigobook.com",
      "address": "Gausia Market, Dhaka, Bangladesh",
      "country": "Bangladesh",
      "state": "Dhaka Division",
      "city": "Dhaka District",
      "pin_code": "1205",
      "total": 55.0,
      "tax_data": {
        "TNT": {
          "5.00": "2.50"
        },
        "Sale": {
          "5.00": "2.50"
        }
      },
      "total_data": {
        "5": {
          "50.0": {
            "TNT": {
              "5.00": "2.5"
            },
            "Sale": {
              "5.00": "2.5"
            }
          }
        }
      },
      "total_tax": 5.0,
      "payment_method": "TAP-TAP",
      "status": "New",
      "is_ordered": true,
      "created_at": "2025-03-20T15:02:43.532Z",
      "updated_at": "2025-03-20T15:02:53.049Z",
      "vendors": [
        5
      ]
    }
  },
  {
    "model": "orders.order",
    "pk": 151,
    "fields": {
      "user": 38,
      "payment": 52,
      "order_number": "20250320210817424833",
      "first_name": "Mahtab Hossain",
      "last_name": "Tanim",
      "phone": "1111",
      "email": "fiteyde@indigobook.com",
      "address": "Gausia Market, Dhaka, Bangladesh",
      "country": "Bangladesh",
      "state": "Dhaka Division",
      "city": "Dhaka District",
      "pin_code": "1205",
      "total": 33.0,
      "tax_data": {
        "TNT": {
          "5.00": "1.50"
        },
        "Sale": {
          "5.00": "1.50"
        }
      },
      "total_data": {
        "5": {
          "30.0": {
            "TNT": {
              "5.00": "1.5"
            },
            "Sale": {
              "5.00": "1.5"
            }
          }
        }
      },
      "total_tax": 3.0,
      "payment_method": "CITYBANKIB-City Bank",
      "status": "New",
      "is_ordered": true,
      "created_at": "2025-03-20T15:08:24.401Z",
      "updated_at": "2025-03-20T15:08:31.114Z",
      "vendors": [
        5
      ]
    }
  },
  {
    "model": "orders.order",
    "pk": 152,
    "fields": {
      "user": 38,
      "payment": 53,
      "order_number": "20250320211017424834",
      "first_name": "Mahtab Hossain",
      "last_name": "Tanim",
      "phone": "111",
      "email": "fiteyde@indigobook.com",
      "address": "Gausia Market, Dhaka, Bangladesh",
      "country": "Bangladesh",
      "state": "Dhaka Division",
      "city": "Dhaka District",
      "pin_code": "1205",
      "total": 55.0,
      "tax_data": {
        "TNT": {
          "5.00": "2.50"
        },
        "Sale": {
          "5.00": "2.50"
        }
      },
      "total_data": {
        "5": {
          "50.0": {
            "TNT": {
              "5.00": "2.5"
            },
            "Sale": {
              "5.00": "2.5"
            }
          }
        }
      },
      "total_tax": 5.0,
      "payment_method": "IBBL-Islami Bank",
      "status": "New",
      "is_ordered": true,
      "created_at": "2025-03-20T15:10:10.753Z",
      "updated_at": "2025-03-20T15:10:17.248Z",
      "vendors": [
        5
      ]
    }
  },
  {
    "model": "orders.order",
    "pk": 153,
    "fields": {
      "user": 38,
      "payment": 54,
      "order_number": "20250320211617424837",
      "first_name": "Mahtab Hossain",
      "last_name": "Tanim",
      "phone": "11",
      "email": "fiteyde@indigobook.com",
      "address": "Gausia Market, Dhaka, Bangladesh",
      "country": "Bangladesh",
      "state": "Dhaka Division",
      "city": "Dhaka District",
      "pin_code": "1205",
      "total": 33.0,
      "tax_data": {
        "TNT": {
          "5.00": "1.50"
        },
        "Sale": {
          "5.00": "1.50"
        }
      },
      "total_data": {
        "5": {
          "30.0": {
            "TNT": {
              "5.00": "1.5"
            },
            "Sale": {
              "5.00": "1.5"
            }
          }
        }
      },
      "total_tax": 3.0,
      "payment_method": "ABBANKIB-AB Bank",
      "status": "New",
      "is_ordered": true,
      "created_at": "2025-03-20T15:16:27.268Z",
      "updated_at": "2025-03-20T15:16:33.716Z",
      "vendors": [
        5
      ]
    }
  },
  {
    "model": "orders.order",
    "pk": 154,
    "fields": {
      "user": 38,
      "payment": 55,
      "order_number": "20250320211717424838",
      "first_name": "Mahtab Hossain",
      "last_name": "Tanim",
      "phone": "111",
      "email": "fiteyde@indigobook.com",
      "address": "Gausia Market, Dhaka, Bangladesh",
      "country": "Bangladesh",
      "state": "Dhaka Division",
      "city": "Dhaka District",
      "pin_code": "1205",
      "total": 33.0,
      "tax_data": {
        "TNT": {
          "5.00": "1.50"
        },
        "Sale": {
          "5.00": "1.50"
        }
      },
      "total_data": {
        "5": {
          "30.0": {
            "TNT": {
              "5.00": "1.5"
            },
            "Sale": {
              "5.00": "1.5"
            }
          }
        }
      },
      "total_tax": 3.0,
      "payment_method": "NAGAD-Nagad",
      "status": "New",
      "is_ordered": true,
      "created_at": "2025-03-20T15:17:56.479Z",
      "updated_at": "2025-03-20T15:18:03.139Z",
      "vendors": [
        5
      ]
    }
  },
  {
    "model": "orders.order",
    "pk": 155,
    "fields": {
      "user": 38,
      "payment": 56,
      "order_number": "20250320211817424839",
      "first_name": "Mahtab Hossain",
      "last_name": "Tanim",
      "phone": "22323",
      "email": "fiteyde@indigobook.com",
      "address": "Gausia Market, Dhaka, Bangladesh",
      "country": "Bangladesh",
      "state": "Dhaka Division",
      "city": "Dhaka District",
      "pin_code": "1205",
      "total": 33.0,
      "tax_data": {
        "TNT": {
          "5.00": "1.50"
        },
        "Sale": {
          "5.00": "1.50"
        }
      },
      "total_data": {
        "5": {
          "30.0": {
            "TNT": {
              "5.00": "1.5"
            },
            "Sale": {
              "5.00": "1.5"
            }
          }
        }
      },
      "total_tax": 3.0,
      "payment_method": "NAGAD-Nagad",
      "status": "New",
      "is_ordered": true,
      "created_at": "2025-03-20T15:18:30.672Z",
      "updated_at": "2025-03-20T15:18:37.249Z",
      "vendors": [
        5
      ]
    }
  },
  {
    "model": "orders.order",
    "pk": 156,
    "fields": {
      "user": 38,
      "payment": 57,
      "order_number": "20250320211917424839",
      "first_name": "Mahtab Hossain",
      "last_name": "Tanim",
      "phone": "111",
      "email": "fiteyde@indigobook.com",
      "address": "Gausia Market, Dhaka, Bangladesh",
      "country": "Bangladesh",
      "state": "Dhaka Division",
      "city": "Dhaka District",
      "pin_code": "1205",
      "total": 33.0,
      "tax_data": {
        "TNT": {
          "5.00": "1.50"
        },
        "Sale": {
          "5.00": "1.50"
        }
      },
      "total_data": {
        "5": {
          "30.0": {
            "TNT": {
              "5.00": "1.5"
            },
            "Sale": {
              "5.00": "1.5"
            }
          }
        }
      },
      "total_tax": 3.0,
      "payment_method": "NAGAD-Nagad",
      "status": "New",
      "is_ordered": true,
      "created_at": "2025-03-20T15:19:28.775Z",
      "updated_at": "2025-03-20T15:19:36.395Z",
      "vendors": [
        5
      ]
    }
  },
  {
    "model": "orders.order",
    "pk": 157,
    "fields": {
      "user": 38,
      "payment": 58,
      "order_number": "20250320212117424840",
      "first_name": "Mahtab Hossain",
      "last_name": "Tanim",
      "phone": "11",
      "email": "fiteyde@indigobook.com",
      "address": "Gausia Market, Dhaka, Bangladesh",
      "country": "Bangladesh",
      "state": "Dhaka Division",
      "city": "Dhaka District",
      "pin_code": "1205",
      "total": 33.0,
      "tax_data": {
        "TNT": {
          "5.00": "1.50"
        },
        "Sale": {
          "5.00": "1.50"
        }
      },
      "total_data": {
        "5": {
          "30.0": {
            "TNT": {
              "5.00": "1.5"
            },
            "Sale": {
              "5.00": "1.5"
            }
          }
        }
      },
      "total_tax": 3.0,
      "payment_method": "DBBLMOBILEB-Dbbl Mobile Banking",
      "status": "New",
      "is_ordered": true,
      "created_at": "2025-03-20T15:21:16.200Z",
      "updated_at": "2025-03-20T15:21:23.023Z",
      "vendors": [
        5
      ]
    }
  },
  {
    "model": "orders.order",
    "pk": 158,
    "fields": {
      "user": 38,
      "payment": 59,
      "order_number": "20250320212217424841",
      "first_name": "Mahtab Hossain",
      "last_name": "Tanim",
      "phone": "111",
      "email": "fiteyde@indigobook.com",
      "address": "Gausia Market, Dhaka, Bangladesh",
      "country": "Bangladesh",
      "state": "Dhaka Division",
      "city": "Dhaka District",
      "pin_code": "1205",
      "total": 33.0,
      "tax_data": {
        "TNT": {
          "5.00": "1.50"
        },
        "Sale": {
          "5.00": "1.50"
        }
      },
      "total_data": {
        "5": {
          "30.0": {
            "TNT": {
              "5.00": "1.5"
            },
            "Sale": {
              "5.00": "1.5"
            }
          }
        }
      },
      "total_tax": 3.0,
      "payment_method": "NAGAD-Nagad",
      "status": "New",
      "is_ordered": true,
      "created_at": "2025-03-20T15:22:14.420Z",
      "updated_at": "2025-03-20T15:22:20.713Z",
      "vendors": [
        5
      ]
    }
  },
  {
    "model": "orders.order",
    "pk": 159,
    "fields": {
      "user": 38,
      "payment": 60,
      "order_number": "20250320212317424842",
      "first_name": "Mahtab Hossain",
      "last_name": "Tanim",
      "phone": "11111",
      "email": "fiteyde@indigobook.com",
      "address": "Gausia Market, Dhaka, Bangladesh",
      "country": "Bangladesh",
      "state": "Dhaka Division",
      "city": "Dhaka District",
      "pin_code": "1205",
      "total": 33.0,
      "tax_data": {
        "TNT": {
          "5.00": "1.50"
        },
        "Sale": {
          "5.00": "1.50"
        }
      },
      "total_data": {
        "5": {
          "30.0": {
            "TNT": {
              "5.00": "1.5"
            },
            "Sale": {
              "5.00": "1.5"
            }
          }
        }
      },
      "total_tax": 3.0,
      "payment_method": "CITYBANKIB-City Bank",
      "status": "New",
      "is_ordered": true,
      "created_at": "2025-03-20T15:23:28.938Z",
      "updated_at": "2025-03-20T15:23:35.363Z",
      "vendors": [
        5
      ]
    }
  },
  {
    "model": "orders.order",
    "pk": 160,
    "fields": {
      "user": 38,
      "payment": 61,
      "order_number": "20250320212417424842",
      "first_name": "Mahtab Hossain",
      "last_name": "Tanim",
      "phone": "111",
      "email": "fiteyde@indigobook.com",
      "address": "Gausia Market, Dhaka, Bangladesh",
      "country": "Bangladesh",
      "state": "Dhaka Division",
      "city": "Dhaka District",
      "pin_code": "1205",
      "total": 16.5,
      "tax_data": {
        "TNT": {
          "5.00": "0.75"
        },
        "Sale": {
          "5.00": "0.75"
        }
      },
      "total_data": {
        "5": {
          "15.0": {
            "TNT": {
              "5.00": "0.75"
            },
            "Sale": {
              "5.00": "0.75"
            }
          }
        }
      },
      "total_tax": 1.5,
      "payment_method": "BANKASIA-Bank Asia Internet Banking",
      "status": "New",
      "is_ordered": true,
      "created_at": "2025-03-20T15:24:28.592Z",
      "updated_at": "2025-03-20T15:24:34.884Z",
      "vendors": [
        5
      ]
    }
  },
  {
    "model": "orders.order",
    "pk": 161,
    "fields": {
      "user": 34,
      "payment": 62,
      "order_number": "20250321205517425689",
      "first_name": "Sah",
      "last_name": "Tan",
      "phone": "12364578",
      "email": "tnt@tnt.com",
      "address": "Rampura Bou Bazar, Dabanol Songsod Sorok, Dhaka, Bangladesh",
      "country": "Bangladesh",
      "state": "Dhaka",
      "city": "Dhaka District",
      "pin_code": "1219",
      "total": 66.0,
      "tax_data": {
        "TNT": {
          "5.00": "3.00"
        },
        "Sale": {
          "5.00": "3.00"
        }
      },
      "total_data": {
        "5": {
          "60.0": {
            "TNT": {
              "5.00": "3.0"
            },
            "Sale": {
              "5.00": "3.0"
            }
          }
        }
      },
      "total_tax": 6.0,
      "payment_method": "CITYBANKIB-City Bank",
      "status": "New",
      "is_ordered": true,
      "created_at": "2025-03-21T14:55:19.110Z",
      "updated_at": "2025-03-21T14:55:33.852Z",
      "vendors": [
        5
      ]
    }
  },
  {
    "model": "orders.orderedfood",
    "pk": 97,
    "fields": {
      "order": 143,
      "payment": 44,
      "user": 38,
      "fooditem": 2,
      "quantity": 2,
      "price": 15.0,
      "amount": 30.0,
      "created_at": "2025-03-19T15:03:00.063Z",
      "updated_at": "2025-03-19T15:03:00.063Z"
    }
  },
  {
    "model": "orders.orderedfood",
    "pk": 98,
    "fields": {
      "order": 144,
      "payment": 45,
      "user": 38,
      "fooditem": 2,
      "quantity": 3,
      "price": 15.0,
      "amount": 45.0,
      "created_at": "2025-03-19T15:07:07.427Z",
      "updated_at": "2025-03-19T15:07:07.427Z"
    }
  },
  {
    "model": "orders.orderedfood",
    "pk": 99,
    "fields": {
      "order": 144,
      "payment": 45,
      "user": 38,
      "fooditem": 8,
      "quantity": 2,
      "price": 10.0,
      "amount": 20.0,
      "created_at": "2025-03-19T15:07:07.431Z",
      "updated_at": "2025-03-19T15:07:07.431Z"
    }
  },
  {
    "model": "orders.orderedfood",
    "pk": 100,
    "fields": {
      "order": 145,
      "payment": 46,
      "user": 38,
      "fooditem": 2,
      "quantity": 2,
      "price": 15.0,
      "amount": 30.0,
      "created_at": "2025-03-19T15:10:47.283Z",
      "updated_at": "2025-03-19T15:10:47.283Z"
    }
  },
  {
    "model": "orders.orderedfood",
    "pk": 101,
    "fields": {
      "order": 145,
      "payment": 46,
      "user": 38,
      "fooditem": 8,
      "quantity": 2,
      "price": 10.0,
      "amount": 20.0,
      "created_at": "2025-03-19T15:10:47.284Z",
      "updated_at": "2025-03-19T15:10:47.284Z"
    }
  },
  {
    "model": "orders.orderedfood",
    "pk": 102,
    "fields": {
      "order": 146,
      "payment": 47,
      "user": 38,
      "fooditem": 2,
      "quantity": 2,
      "price": 15.0,
      "amount": 30.0,
      "created_at": "2025-03-19T15:14:57.591Z",
      "updated_at": "2025-03-19T15:14:57.591Z"
    }
  },
  {
    "model": "orders.orderedfood",
    "pk": 103,
    "fields": {
      "order": 146,
      "payment": 47,
      "user": 38,
      "fooditem": 8,
      "quantity": 2,
      "price": 10.0,
      "amount": 20.0,
      "created_at": "2025-03-19T15:14:57.597Z",
      "updated_at": "2025-03-19T15:14:57.597Z"
    }
  },
  {
    "model": "orders.orderedfood",
    "pk": 104,
    "fields": {
      "order": 147,
      "payment": 48,
      "user": 38,
      "fooditem": 2,
      "quantity": 2,
      "price": 15.0,
      "amount": 30.0,
      "created_at": "2025-03-19T15:21:11.877Z",
      "updated_at": "2025-03-19T15:21:11.877Z"
    }
  },
  {
    "model": "orders.orderedfood",
    "pk": 105,
    "fields": {
      "order": 147,
      "payment": 48,
      "user": 38,
      "fooditem": 8,
      "quantity": 2,
      "price": 10.0,
      "amount": 20.0,
      "created_at": "2025-03-19T15:21:11.882Z",
      "updated_at": "2025-03-19T15:21:11.882Z"
    }
  },
  {
    "model": "orders.orderedfood",
    "pk": 106,
    "fields": {
      "order": 148,
      "payment": 49,
      "user": 38,
      "fooditem": 2,
      "quantity": 2,
      "price": 15.0,
      "amount": 30.0,
      "created_at": "2025-03-20T14:56:13.664Z",
      "updated_at": "2025-03-20T14:56:13.664Z"
    }
  },
  {
    "model": "orders.orderedfood",
    "pk": 107,
    "fields": {
      "order": 148,
      "payment": 49,
      "user": 38,
      "fooditem": 22,
      "quantity": 2,
      "price": 12.0,
      "amount": 24.0,
      "created_at": "2025-03-20T14:56:13.666Z",
      "updated_at": "2025-03-20T14:56:13.666Z"
    }
  },
  {
    "model": "orders.orderedfood",
    "pk": 108,
    "fields": {
      "order": 149,
      "payment": 50,
      "user": 38,
      "fooditem": 19,
      "quantity": 1,
      "price": 132.0,
      "amount": 132.0,
      "created_at": "2025-03-20T14:57:41.039Z",
      "updated_at": "2025-03-20T14:57:41.039Z"
    }
  },
  {
    "model": "orders.orderedfood",
    "pk": 109,
    "fields": {
      "order": 149,
      "payment": 50,
      "user": 38,
      "fooditem": 18,
      "quantity": 1,
      "price": 2323.0,
      "amount": 2323.0,
      "created_at": "2025-03-20T14:57:41.041Z",
      "updated_at": "2025-03-20T14:57:41.041Z"
    }
  },
  {
    "model": "orders.orderedfood",
    "pk": 110,
    "fields": {
      "order": 150,
      "payment": 51,
      "user": 38,
      "fooditem": 2,
      "quantity": 2,
      "price": 15.0,
      "amount": 30.0,
      "created_at": "2025-03-20T15:02:53.035Z",
      "updated_at": "2025-03-20T15:02:53.035Z"
    }
  },
  {
    "model": "orders.orderedfood",
    "pk": 111,
    "fields": {
      "order": 150,
      "payment": 51,
      "user": 38,
      "fooditem": 8,
      "quantity": 2,
      "price": 10.0,
      "amount": 20.0,
      "created_at": "2025-03-20T15:02:53.044Z",
      "updated_at": "2025-03-20T15:02:53.044Z"
    }
  },
  {
    "model": "orders.orderedfood",
    "pk": 112,
    "fields": {
      "order": 151,
      "payment": 52,
      "user": 38,
      "fooditem": 2,
      "quantity": 2,
      "price": 15.0,
      "amount": 30.0,
      "created_at": "2025-03-20T15:08:31.103Z",
      "updated_at": "2025-03-20T15:08:31.103Z"
    }
  },
  {
    "model": "orders.orderedfood",
    "pk": 113,
    "fields": {
      "order": 152,
      "payment": 53,
      "user": 38,
      "fooditem": 2,
      "quantity": 2,
      "price": 15.0,
      "amount": 30.0,
      "created_at": "2025-03-20T15:10:17.235Z",
      "updated_at": "2025-03-20T15:10:17.235Z"
    }
  },
  {
    "model": "orders.orderedfood",
    "pk": 114,
    "fields": {
      "order": 152,
      "payment": 53,
      "user": 38,
      "fooditem": 8,
      "quantity": 2,
      "price": 10.0,
      "amount": 20.0,
      "created_at": "2025-03-20T15:10:17.241Z",
      "updated_at": "2025-03-20T15:10:17.241Z"
    }
  },
  {
    "model": "orders.orderedfood",
    "pk": 115,
    "fields": {
      "order": 153,
      "payment": 54,
      "user": 38,
      "fooditem": 2,
      "quantity": 2,
      "price": 15.0,
      "amount": 30.0,
      "created_at": "2025-03-20T15:16:33.706Z",
      "updated_at": "2025-03-20T15:16:33.706Z"
    }
  },
  {
    "model": "orders.orderedfood",
    "pk": 116,
    "fields": {
      "order": 154,
      "payment": 55,
      "user": 38,
      "fooditem": 2,
      "quantity": 2,
      "price": 15.0,
      "amount": 30.0,
      "created_at": "2025-03-20T15:18:03.127Z",
      "updated_at": "2025-03-20T15:18:03.127Z"
    }
  },
  {
    "model": "orders.orderedfood",
    "pk": 117,
    "fields": {
      "order": 155,
      "payment": 56,
      "user": 38,
      "fooditem": 2,
      "quantity": 2,
      "price": 15.0,
      "amount": 30.0,
      "created_at": "2025-03-20T15:18:37.236Z",
      "updated_at": "2025-03-20T15:18:37.236Z"
    }
  },
  {
    "model": "orders.orderedfood",
    "pk": 118,
    "fields": {
      "order": 156,
      "payment": 57,
      "user": 38,
      "fooditem": 2,
      "quantity": 2,
      "price": 15.0,
      "amount": 30.0,
      "created_at": "2025-03-20T15:19:36.386Z",
      "updated_at": "2025-03-20T15:19:36.386Z"
    }
  },
  {
    "model": "orders.orderedfood",
    "pk": 119,
    "fields": {
      "order": 157,
      "payment": 58,
      "user": 38,
      "fooditem": 2,
      "quantity": 2,
      "price": 15.0,
      "amount": 30.0,
      "created_at": "2025-03-20T15:21:23.019Z",
      "updated_at": "2025-03-20T15:21:23.019Z"
    }
  },
  {
    "model": "orders.orderedfood",
    "pk": 120,
    "fields": {
      "order": 158,
      "payment": 59,
      "user": 38,
      "fooditem": 2,
      "quantity": 2,
      "price": 15.0,
      "amount": 30.0,
      "created_at": "2025-03-20T15:22:20.711Z",
      "updated_at": "2025-03-20T15:22:20.711Z"
    }
  },
  {
    "model": "orders.orderedfood",
    "pk": 121,
    "fields": {
      "order": 159,
      "payment": 60,
      "user": 38,
      "fooditem": 2,
      "quantity": 2,
      "price": 15.0,
      "amount": 30.0,
      "created_at": "2025-03-20T15:23:35.354Z",
      "updated_at": "2025-03-20T15:23:35.354Z"
    }
  },
  {
    "model": "orders.orderedfood",
    "pk": 122,
    "fields": {
      "order": 160,
      "payment": 61,
      "user": 38,
      "fooditem": 2,
      "quantity": 1,
      "price": 15.0,
      "amount": 15.0,
      "created_at": "2025-03-20T15:24:34.873Z",
      "updated_at": "2025-03-20T15:24:34.873Z"
    }
  },
  {
    "model": "orders.orderedfood",
    "pk": 123,
    "fields": {
      "order": 161,
      "payment": 62,
      "user": 34,
      "fooditem": 2,
      "quantity": 4,
      "price": 15.0,
      "amount": 60.0,
      "created_at": "2025-03-21T14:55:33.843Z",
      "updated_at": "2025-03-21T14:55:33.843Z"
    }
  }
]